"0","# Examine the structure (str) of the data frame"
"0","str(df)"
"1","List"
"1",""
"1"," of "
"1",""
"1","10"
"1",""
"1","
"
"1"," "
"1",""
"1","$ "
"1",""
"1",""
"1",""
"1",":"
"1"," "
"1","tibble [6,120 x 27]"
"1",""
"1"," (S3: "
"1",""
"1","spec_tbl_df/tbl_df/tbl/data.frame"
"1",""
"1",")"
"1",""
"1","
"
"1","  .."
"1",""
"1","$ "
"1",""
"1","Logger ID       "
"1",""
"1",":"
"1"," chr [1:6120] "
"1",""
"1","""HAR02"" ""HAR02"" ""HAR02"" ""HAR02"""
"1",""
"1"," ..."
"1",""
"1","
"
"1","  .."
"1",""
"1","$ "
"1",""
"1","Year            "
"1",""
"1",":"
"1"," num [1:6120] "
"1",""
"1","2020 2020 2020 2020 2020 2020 2020 2020 2020 2020"
"1",""
"1"," ..."
"1",""
"1","
"
"1","  .."
"1",""
"1","$ "
"1",""
"1","Month           "
"1",""
"1",":"
"1"," num [1:6120] "
"1",""
"1","6 6 6 6 6 6 6 6 6 6"
"1",""
"1"," ..."
"1",""
"1","
"
"1","  .."
"1",""
"1","$ "
"1",""
"1","Day             "
"1",""
"1",":"
"1"," num [1:6120] "
"1",""
"1","14 14 14 14 14 14 14 14 14 14"
"1",""
"1"," ..."
"1",""
"1","
"
"1","  .."
"1",""
"1","$ "
"1",""
"1","Hour            "
"1",""
"1",":"
"1"," num [1:6120] "
"1",""
"1","2 2 2 2 2 2 2 2 2 2"
"1",""
"1"," ..."
"1",""
"1","
"
"1","  .."
"1",""
"1","$ "
"1",""
"1","Minute          "
"1",""
"1",":"
"1"," num [1:6120] "
"1",""
"1","1 1 1 1 1 1 2 2 17 17"
"1",""
"1"," ..."
"1",""
"1","
"
"1","  .."
"1",""
"1","$ "
"1",""
"1","Second          "
"1",""
"1",":"
"1"," num [1:6120] "
"1",""
"1","0 0 0 0 0 0 0 0 0 0"
"1",""
"1"," ..."
"1",""
"1","
"
"1","  .."
"1",""
"1","$ "
"1",""
"1","Latitude        "
"1",""
"1",":"
"1"," num [1:6120] "
"1",""
"1","49.7 49.7 49.7 49.7 49.7"
"1",""
"1"," ..."
"1",""
"1","
"
"1","  .."
"1",""
"1","$ "
"1",""
"1","Longitude       "
"1",""
"1",":"
"1"," num [1:6120] "
"1",""
"1","-124 -124 -124 -124 -124"
"1",""
"1"," ..."
"1",""
"1","
"
"1","  .."
"1",""
"1","$ "
"1",""
"1","Speed           "
"1",""
"1",":"
"1"," num [1:6120] "
"1",""
"1","0.1 0.7 0.6 0.1 0.6 0.7 0.8 0.8 1.4 1.4"
"1",""
"1"," ..."
"1",""
"1","
"
"1","  .."
"1",""
"1","$ "
"1",""
"1","Searching time  "
"1",""
"1",":"
"1"," num [1:6120] "
"1",""
"1","113 11 11 113 11 11 12 12 11 11"
"1",""
"1"," ..."
"1",""
"1","
"
"1","  .."
"1",""
"1","$ "
"1",""
"1","Voltage         "
"1",""
"1",":"
"1"," num [1:6120] "
"1",""
"1","4.07 4.07 4.07 4.07 4.07 4.07 4.07 4.07 4.06 4.06"
"1",""
"1"," ..."
"1",""
"1","
"
"1","  .."
"1",""
"1","$ "
"1",""
"1","Temperature     "
"1",""
"1",":"
"1"," num [1:6120] "
"1",""
"1","20 20 20 20 20 20 20 20 20.5 20.5"
"1",""
"1"," ..."
"1",""
"1","
"
"1","  .."
"1",""
"1","$ "
"1",""
"1","Altitude        "
"1",""
"1",":"
"1"," logi [1:6120] "
"1",""
"1","NA NA NA NA NA NA"
"1",""
"1"," ..."
"1",""
"1","
"
"1","  .."
"1",""
"1","$ "
"1",""
"1","Div up          "
"1",""
"1",":"
"1"," logi [1:6120] "
"1",""
"1","NA NA NA NA NA NA"
"1",""
"1"," ..."
"1",""
"1","
"
"1","  .."
"1",""
"1","$ "
"1",""
"1","Div down        "
"1",""
"1",":"
"1"," logi [1:6120] "
"1",""
"1","NA NA NA NA NA NA"
"1",""
"1"," ..."
"1",""
"1","
"
"1","  .."
"1",""
"1","$ "
"1",""
"1","No GPS - timeout"
"1",""
"1",":"
"1"," num [1:6120] "
"1",""
"1","NA NA NA NA NA NA NA NA NA NA"
"1",""
"1"," ..."
"1",""
"1","
"
"1","  .."
"1",""
"1","$ "
"1",""
"1","No GPS - diving "
"1",""
"1",":"
"1"," logi [1:6120] "
"1",""
"1","NA NA NA NA NA NA"
"1",""
"1"," ..."
"1",""
"1","
"
"1","  .."
"1",""
"1","$ "
"1",""
"1","In range        "
"1",""
"1",":"
"1"," num [1:6120] "
"1",""
"1","NA NA NA NA NA NA NA NA NA NA"
"1",""
"1"," ..."
"1",""
"1","
"
"1","  .."
"1",""
"1","$ "
"1",""
"1","Diving duration "
"1",""
"1",":"
"1"," logi [1:6120] "
"1",""
"1","NA NA NA NA NA NA"
"1",""
"1"," ..."
"1",""
"1","
"
"1","  .."
"1",""
"1","$ "
"1",""
"1","Raw latitude    "
"1",""
"1",":"
"1"," chr [1:6120] "
"1",""
"1","""4942669N"" ""4942664N"" ""4942661N"" ""4942669N"""
"1",""
"1"," ..."
"1",""
"1","
"
"1","  .."
"1",""
"1","$ "
"1",""
"1","Raw Longitude   "
"1",""
"1",":"
"1"," chr [1:6120] "
"1",""
"1","""12400477W"" ""12400484W"" ""12400481W"" ""12400477W"""
"1",""
"1"," ..."
"1",""
"1","
"
"1","  .."
"1",""
"1","$ "
"1",""
"1","Decision voltage"
"1",""
"1",":"
"1"," num [1:6120] "
"1",""
"1","NA NA NA NA NA NA NA NA NA NA"
"1",""
"1"," ..."
"1",""
"1","
"
"1","  .."
"1",""
"1","$ "
"1",""
"1","Milisecond      "
"1",""
"1",":"
"1"," num [1:6120] "
"1",""
"1","0 0 0 0 0 0 0 0 0 0"
"1",""
"1"," ..."
"1",""
"1","
"
"1","  .."
"1",""
"1","$ "
"1",""
"1","Acc_X           "
"1",""
"1",":"
"1"," logi [1:6120] "
"1",""
"1","NA NA NA NA NA NA"
"1",""
"1"," ..."
"1",""
"1","
"
"1","  .."
"1",""
"1","$ "
"1",""
"1","Acc_Y           "
"1",""
"1",":"
"1"," logi [1:6120] "
"1",""
"1","NA NA NA NA NA NA"
"1",""
"1"," ..."
"1",""
"1","
"
"1","  .."
"1",""
"1","$ "
"1",""
"1","Acc_Z           "
"1",""
"1",":"
"1"," logi [1:6120] "
"1",""
"1","NA NA NA NA NA NA"
"1",""
"1"," ..."
"1",""
"1","
"
"1","  .."
"1",""
"1","- attr(*, ""spec"")="
"1","
"
"1",""
"1","  .. .. cols(
  .. ..   `Logger ID` = [31mcol_character()[39m,
  .. ..   Year = [32mcol_double()[39m,
  .. ..   Month = [32mcol_double()[39m,
  .. ..   Day = [32mcol_double()[39m,
  .. ..   Hour = [32mcol_double()[39m,
  .. ..   Minute = [32mcol_double()[39m,
  .. ..   Second = [32mcol_double()[39m,
  .. ..   Latitude = [32mcol_double()[39m,
  .. ..   Longitude = [32mcol_double()[39m,
  .. ..   Speed = [32mcol_double()[39m,
  .. ..   `Searching time` = [32mcol_double()[39m,
  .. ..   Voltage = [32mcol_double()[39m,
  .. ..   Temperature = [32mcol_double()[39m,
  .. ..   Altitude = [33mcol_logical()[39m,
  .. ..   `Div up` = [33mcol_logical()[39m,
  .. ..   `Div down` = [33mcol_logical()[39m,
  .. ..   `No GPS - timeout` = [32mcol_double()[39m,
  .. ..   `No GPS - diving` = [33mcol_logical()[39m,
  .. ..   `In range` = [32mcol_double()[39m,
  .. ..   `Diving duration` = [33mcol_logical()[39m,
  .. ..   `Raw latitude` = [31mcol_character()[39m,
  .. ..   `Raw Longitude` = [31mcol_character()[39m,
  .. ..   `Decision voltage` = [32mcol_double()[39m,
  .. ..   Milisecond = [32mcol_double()[39m,
  .. ..   Acc_X = [33mcol_logical()[39m,
  .. ..   Acc_Y = [33mcol_logical()[39m,
  .. ..   Acc_Z = [33mcol_logical()[39m
  .. .. )"
"1",""
"1","
"
"1"," "
"1",""
"1","$ "
"1",""
"1",""
"1",""
"1",":"
"1"," "
"1","tibble [8,483 x 27]"
"1",""
"1"," (S3: "
"1",""
"1","spec_tbl_df/tbl_df/tbl/data.frame"
"1",""
"1",")"
"1",""
"1","
"
"1","  .."
"1",""
"1","$ "
"1",""
"1","Logger ID       "
"1",""
"1",":"
"1"," chr [1:8483] "
"1",""
"1","""HAR03"" ""HAR03"" ""HAR03"" ""HAR03"""
"1",""
"1"," ..."
"1",""
"1","
"
"1","  .."
"1",""
"1","$ "
"1",""
"1","Year            "
"1",""
"1",":"
"1"," num [1:8483] "
"1",""
"1","2020 2020 2020 2020 2020 2020 2020 2020 2020 2020"
"1",""
"1"," ..."
"1",""
"1","
"
"1","  .."
"1",""
"1","$ "
"1",""
"1","Month           "
"1",""
"1",":"
"1"," num [1:8483] "
"1",""
"1","6 6 6 6 6 6 6 6 6 6"
"1",""
"1"," ..."
"1",""
"1","
"
"1","  .."
"1",""
"1","$ "
"1",""
"1","Day             "
"1",""
"1",":"
"1"," num [1:8483] "
"1",""
"1","8 8 8 8 8 8 8 8 8 8"
"1",""
"1"," ..."
"1",""
"1","
"
"1","  .."
"1",""
"1","$ "
"1",""
"1","Hour            "
"1",""
"1",":"
"1"," num [1:8483] "
"1",""
"1","20 20 20 20 20 20 20 21 21 21"
"1",""
"1"," ..."
"1",""
"1","
"
"1","  .."
"1",""
"1","$ "
"1",""
"1","Minute          "
"1",""
"1",":"
"1"," num [1:8483] "
"1",""
"1","11 12 13 13 13 29 44 0 15 20"
"1",""
"1"," ..."
"1",""
"1","
"
"1","  .."
"1",""
"1","$ "
"1",""
"1","Second          "
"1",""
"1",":"
"1"," num [1:8483] "
"1",""
"1","0 0 0 0 14 0 0 0 0 32"
"1",""
"1"," ..."
"1",""
"1","
"
"1","  .."
"1",""
"1","$ "
"1",""
"1","Latitude        "
"1",""
"1",":"
"1"," num [1:8483] "
"1",""
"1","50.3 50.3 50.3 50.3 NA"
"1",""
"1"," ..."
"1",""
"1","
"
"1","  .."
"1",""
"1","$ "
"1",""
"1","Longitude       "
"1",""
"1",":"
"1"," num [1:8483] "
"1",""
"1","-123 -123 -123 -123 NA"
"1",""
"1"," ..."
"1",""
"1","
"
"1","  .."
"1",""
"1","$ "
"1",""
"1","Speed           "
"1",""
"1",":"
"1"," num [1:8483] "
"1",""
"1","0.5 1.2 1.3 0.6 NA 0.1 0.6 1.7 1 NA"
"1",""
"1"," ..."
"1",""
"1","
"
"1","  .."
"1",""
"1","$ "
"1",""
"1","Searching time  "
"1",""
"1",":"
"1"," num [1:8483] "
"1",""
"1","323 43 28 27 NA 42 13 11 15 NA"
"1",""
"1"," ..."
"1",""
"1","
"
"1","  .."
"1",""
"1","$ "
"1",""
"1","Voltage         "
"1",""
"1",":"
"1"," num [1:8483] "
"1",""
"1","4.1 4.1 4.08 4.1 NA 4.08 4.08 4.09 4.09 NA"
"1",""
"1"," ..."
"1",""
"1","
"
"1","  .."
"1",""
"1","$ "
"1",""
"1","Temperature     "
"1",""
"1",":"
"1"," num [1:8483] "
"1",""
"1","14 14 14 14 NA 17 17 16 19.5 NA"
"1",""
"1"," ..."
"1",""
"1","
"
"1","  .."
"1",""
"1","$ "
"1",""
"1","Altitude        "
"1",""
"1",":"
"1"," logi [1:8483] "
"1",""
"1","NA NA NA NA NA NA"
"1",""
"1"," ..."
"1",""
"1","
"
"1","  .."
"1",""
"1","$ "
"1",""
"1","Div up          "
"1",""
"1",":"
"1"," logi [1:8483] "
"1",""
"1","NA NA NA NA NA NA"
"1",""
"1"," ..."
"1",""
"1","
"
"1","  .."
"1",""
"1","$ "
"1",""
"1","Div down        "
"1",""
"1",":"
"1"," logi [1:8483] "
"1",""
"1","NA NA NA NA NA NA"
"1",""
"1"," ..."
"1",""
"1","
"
"1","  .."
"1",""
"1","$ "
"1",""
"1","No GPS - timeout"
"1",""
"1",":"
"1"," logi [1:8483] "
"1",""
"1","NA NA NA NA NA NA"
"1",""
"1"," ..."
"1",""
"1","
"
"1","  .."
"1",""
"1","$ "
"1",""
"1","No GPS - diving "
"1",""
"1",":"
"1"," logi [1:8483] "
"1",""
"1","NA NA NA NA NA NA"
"1",""
"1"," ..."
"1",""
"1","
"
"1","  .."
"1",""
"1","$ "
"1",""
"1","In range        "
"1",""
"1",":"
"1"," num [1:8483] "
"1",""
"1","NA NA NA NA 1 NA NA NA NA 1"
"1",""
"1"," ..."
"1",""
"1","
"
"1","  .."
"1",""
"1","$ "
"1",""
"1","Diving duration "
"1",""
"1",":"
"1"," logi [1:8483] "
"1",""
"1","NA NA NA NA NA NA"
"1",""
"1"," ..."
"1",""
"1","
"
"1","  .."
"1",""
"1","$ "
"1",""
"1","Raw latitude    "
"1",""
"1",":"
"1"," chr [1:8483] "
"1",""
"1","""5017370N"" ""5017343N"" ""5017332N"" ""5017380N"""
"1",""
"1"," ..."
"1",""
"1","
"
"1","  .."
"1",""
"1","$ "
"1",""
"1","Raw Longitude   "
"1",""
"1",":"
"1"," chr [1:8483] "
"1",""
"1","""12239686W"" ""12239683W"" ""12239690W"" ""12239681W"""
"1",""
"1"," ..."
"1",""
"1","
"
"1","  .."
"1",""
"1","$ "
"1",""
"1","Decision voltage"
"1",""
"1",":"
"1"," num [1:8483] "
"1",""
"1","NA NA NA NA 4.08 NA NA NA NA 4.08"
"1",""
"1"," ..."
"1",""
"1","
"
"1","  .."
"1",""
"1","$ "
"1",""
"1","Milisecond      "
"1",""
"1",":"
"1"," num [1:8483] "
"1",""
"1","0 0 0 0 0 0 0 0 0 0"
"1",""
"1"," ..."
"1",""
"1","
"
"1","  .."
"1",""
"1","$ "
"1",""
"1","Acc_X           "
"1",""
"1",":"
"1"," logi [1:8483] "
"1",""
"1","NA NA NA NA NA NA"
"1",""
"1"," ..."
"1",""
"1","
"
"1","  .."
"1",""
"1","$ "
"1",""
"1","Acc_Y           "
"1",""
"1",":"
"1"," logi [1:8483] "
"1",""
"1","NA NA NA NA NA NA"
"1",""
"1"," ..."
"1",""
"1","
"
"1","  .."
"1",""
"1","$ "
"1",""
"1","Acc_Z           "
"1",""
"1",":"
"1"," logi [1:8483] "
"1",""
"1","NA NA NA NA NA NA"
"1",""
"1"," ..."
"1",""
"1","
"
"1","  .."
"1",""
"1","- attr(*, ""spec"")="
"1","
"
"1",""
"1","  .. .. cols(
  .. ..   `Logger ID` = [31mcol_character()[39m,
  .. ..   Year = [32mcol_double()[39m,
  .. ..   Month = [32mcol_double()[39m,
  .. ..   Day = [32mcol_double()[39m,
  .. ..   Hour = [32mcol_double()[39m,
  .. ..   Minute = [32mcol_double()[39m,
  .. ..   Second = [32mcol_double()[39m,
  .. ..   Latitude = [32mcol_double()[39m,
  .. ..   Longitude = [32mcol_double()[39m,
  .. ..   Speed = [32mcol_double()[39m,
  .. ..   `Searching time` = [32mcol_double()[39m,
  .. ..   Voltage = [32mcol_double()[39m,
  .. ..   Temperature = [32mcol_double()[39m,
  .. ..   Altitude = [33mcol_logical()[39m,
  .. ..   `Div up` = [33mcol_logical()[39m,
  .. ..   `Div down` = [33mcol_logical()[39m,
  .. ..   `No GPS - timeout` = [33mcol_logical()[39m,
  .. ..   `No GPS - diving` = [33mcol_logical()[39m,
  .. ..   `In range` = [32mcol_double()[39m,
  .. ..   `Diving duration` = [33mcol_logical()[39m,
  .. ..   `Raw latitude` = [31mcol_character()[39m,
  .. ..   `Raw Longitude` = [31mcol_character()[39m,
  .. ..   `Decision voltage` = [32mcol_double()[39m,
  .. ..   Milisecond = [32mcol_double()[39m,
  .. ..   Acc_X = [33mcol_logical()[39m,
  .. ..   Acc_Y = [33mcol_logical()[39m,
  .. ..   Acc_Z = [33mcol_logical()[39m
  .. .. )"
"1",""
"1","
"
"1"," "
"1",""
"1","$ "
"1",""
"1",""
"1",""
"1",":"
"1"," "
"1","tibble [739 x 27]"
"1",""
"1"," (S3: "
"1",""
"1","spec_tbl_df/tbl_df/tbl/data.frame"
"1",""
"1",")"
"1",""
"1","
"
"1","  .."
"1",""
"1","$ "
"1",""
"1","Logger ID       "
"1",""
"1",":"
"1"," chr [1:739] "
"1",""
"1","""HAR03"" ""HAR03"" ""HAR03"" ""HAR03"""
"1",""
"1"," ..."
"1",""
"1","
"
"1","  .."
"1",""
"1","$ "
"1",""
"1","Year            "
"1",""
"1",":"
"1"," num [1:739] "
"1",""
"1","2020 2020 2020 2020 2020 2020 2020 2020 2020 2020"
"1",""
"1"," ..."
"1",""
"1","
"
"1","  .."
"1",""
"1","$ "
"1",""
"1","Month           "
"1",""
"1",":"
"1"," num [1:739] "
"1",""
"1","6 6 6 6 6 6 6 6 6 6"
"1",""
"1"," ..."
"1",""
"1","
"
"1","  .."
"1",""
"1","$ "
"1",""
"1","Day             "
"1",""
"1",":"
"1"," num [1:739] "
"1",""
"1","8 8 8 8 8 9 9 9 9 9"
"1",""
"1"," ..."
"1",""
"1","
"
"1","  .."
"1",""
"1","$ "
"1",""
"1","Hour            "
"1",""
"1",":"
"1"," num [1:739] "
"1",""
"1","21 22 23 23 23 0 0 1 1 1"
"1",""
"1"," ..."
"1",""
"1","
"
"1","  .."
"1",""
"1","$ "
"1",""
"1","Minute          "
"1",""
"1",":"
"1"," num [1:739] "
"1",""
"1","31 46 3 3 58 51 56 35 41 45"
"1",""
"1"," ..."
"1",""
"1","
"
"1","  .."
"1",""
"1","$ "
"1",""
"1","Second          "
"1",""
"1",":"
"1"," num [1:739] "
"1",""
"1","0 30 20 21 7 26 21 58 3 56"
"1",""
"1"," ..."
"1",""
"1","
"
"1","  .."
"1",""
"1","$ "
"1",""
"1","Latitude        "
"1",""
"1",":"
"1"," num [1:739] "
"1",""
"1","50.3 NA NA NA NA"
"1",""
"1"," ..."
"1",""
"1","
"
"1","  .."
"1",""
"1","$ "
"1",""
"1","Longitude       "
"1",""
"1",":"
"1"," num [1:739] "
"1",""
"1","-123 NA NA NA NA"
"1",""
"1"," ..."
"1",""
"1","
"
"1","  .."
"1",""
"1","$ "
"1",""
"1","Speed           "
"1",""
"1",":"
"1"," num [1:739] "
"1",""
"1","0.8 NA NA NA NA NA NA NA NA NA"
"1",""
"1"," ..."
"1",""
"1","
"
"1","  .."
"1",""
"1","$ "
"1",""
"1","Searching time  "
"1",""
"1",":"
"1"," num [1:739] "
"1",""
"1","76 NA NA NA NA NA NA NA NA NA"
"1",""
"1"," ..."
"1",""
"1","
"
"1","  .."
"1",""
"1","$ "
"1",""
"1","Voltage         "
"1",""
"1",":"
"1"," num [1:739] "
"1",""
"1","4.09 NA NA NA NA NA NA NA NA NA"
"1",""
"1"," ..."
"1",""
"1","
"
"1","  .."
"1",""
"1","$ "
"1",""
"1","Temperature     "
"1",""
"1",":"
"1"," num [1:739] "
"1",""
"1","19.5 NA NA NA NA NA NA NA NA NA"
"1",""
"1"," ..."
"1",""
"1","
"
"1","  .."
"1",""
"1","$ "
"1",""
"1","Altitude        "
"1",""
"1",":"
"1"," logi [1:739] "
"1",""
"1","NA NA NA NA NA NA"
"1",""
"1"," ..."
"1",""
"1","
"
"1","  .."
"1",""
"1","$ "
"1",""
"1","Div up          "
"1",""
"1",":"
"1"," logi [1:739] "
"1",""
"1","NA NA NA NA NA NA"
"1",""
"1"," ..."
"1",""
"1","
"
"1","  .."
"1",""
"1","$ "
"1",""
"1","Div down        "
"1",""
"1",":"
"1"," logi [1:739] "
"1",""
"1","NA NA NA NA NA NA"
"1",""
"1"," ..."
"1",""
"1","
"
"1","  .."
"1",""
"1","$ "
"1",""
"1","No GPS - timeout"
"1",""
"1",":"
"1"," num [1:739] "
"1",""
"1","NA NA NA NA NA NA NA NA NA NA"
"1",""
"1"," ..."
"1",""
"1","
"
"1","  .."
"1",""
"1","$ "
"1",""
"1","No GPS - diving "
"1",""
"1",":"
"1"," logi [1:739] "
"1",""
"1","NA NA NA NA NA NA"
"1",""
"1"," ..."
"1",""
"1","
"
"1","  .."
"1",""
"1","$ "
"1",""
"1","In range        "
"1",""
"1",":"
"1"," num [1:739] "
"1",""
"1","NA 1 1 1 1 1 1 1 1 1"
"1",""
"1"," ..."
"1",""
"1","
"
"1","  .."
"1",""
"1","$ "
"1",""
"1","Diving duration "
"1",""
"1",":"
"1"," logi [1:739] "
"1",""
"1","NA NA NA NA NA NA"
"1",""
"1"," ..."
"1",""
"1","
"
"1","  .."
"1",""
"1","$ "
"1",""
"1","Raw latitude    "
"1",""
"1",":"
"1"," chr [1:739] "
"1",""
"1","""5017314N"" NA NA NA"
"1",""
"1"," ..."
"1",""
"1","
"
"1","  .."
"1",""
"1","$ "
"1",""
"1","Raw Longitude   "
"1",""
"1",":"
"1"," chr [1:739] "
"1",""
"1","""12239651W"" NA NA NA"
"1",""
"1"," ..."
"1",""
"1","
"
"1","  .."
"1",""
"1","$ "
"1",""
"1","Decision voltage"
"1",""
"1",":"
"1"," num [1:739] "
"1",""
"1","NA 4.08 4.08 4.08 4.08 4.07 4.07 4.07 4.07 4.07"
"1",""
"1"," ..."
"1",""
"1","
"
"1","  .."
"1",""
"1","$ "
"1",""
"1","Milisecond      "
"1",""
"1",":"
"1"," num [1:739] "
"1",""
"1","0 0 0 0 0 0 0 0 0 0"
"1",""
"1"," ..."
"1",""
"1","
"
"1","  .."
"1",""
"1","$ "
"1",""
"1","Acc_X           "
"1",""
"1",":"
"1"," logi [1:739] "
"1",""
"1","NA NA NA NA NA NA"
"1",""
"1"," ..."
"1",""
"1","
"
"1","  .."
"1",""
"1","$ "
"1",""
"1","Acc_Y           "
"1",""
"1",":"
"1"," logi [1:739] "
"1",""
"1","NA NA NA NA NA NA"
"1",""
"1"," ..."
"1",""
"1","
"
"1","  .."
"1",""
"1","$ "
"1",""
"1","Acc_Z           "
"1",""
"1",":"
"1"," logi [1:739] "
"1",""
"1","NA NA NA NA NA NA"
"1",""
"1"," ..."
"1",""
"1","
"
"1","  .."
"1",""
"1","- attr(*, ""spec"")="
"1","
"
"1",""
"1","  .. .. cols(
  .. ..   `Logger ID` = [31mcol_character()[39m,
  .. ..   Year = [32mcol_double()[39m,
  .. ..   Month = [32mcol_double()[39m,
  .. ..   Day = [32mcol_double()[39m,
  .. ..   Hour = [32mcol_double()[39m,
  .. ..   Minute = [32mcol_double()[39m,
  .. ..   Second = [32mcol_double()[39m,
  .. ..   Latitude = [32mcol_double()[39m,
  .. ..   Longitude = [32mcol_double()[39m,
  .. ..   Speed = [32mcol_double()[39m,
  .. ..   `Searching time` = [32mcol_double()[39m,
  .. ..   Voltage = [32mcol_double()[39m,
  .. ..   Temperature = [32mcol_double()[39m,
  .. ..   Altitude = [33mcol_logical()[39m,
  .. ..   `Div up` = [33mcol_logical()[39m,
  .. ..   `Div down` = [33mcol_logical()[39m,
  .. ..   `No GPS - timeout` = [32mcol_double()[39m,
  .. ..   `No GPS - diving` = [33mcol_logical()[39m,
  .. ..   `In range` = [32mcol_double()[39m,
  .. ..   `Diving duration` = [33mcol_logical()[39m,
  .. ..   `Raw latitude` = [31mcol_character()[39m,
  .. ..   `Raw Longitude` = [31mcol_character()[39m,
  .. ..   `Decision voltage` = [32mcol_double()[39m,
  .. ..   Milisecond = [32mcol_double()[39m,
  .. ..   Acc_X = [33mcol_logical()[39m,
  .. ..   Acc_Y = [33mcol_logical()[39m,
  .. ..   Acc_Z = [33mcol_logical()[39m
  .. .. )"
"1",""
"1","
"
"1"," "
"1",""
"1","$ "
"1",""
"1",""
"1",""
"1",":"
"1"," "
"1","tibble [313 x 27]"
"1",""
"1"," (S3: "
"1",""
"1","spec_tbl_df/tbl_df/tbl/data.frame"
"1",""
"1",")"
"1",""
"1","
"
"1","  .."
"1",""
"1","$ "
"1",""
"1","Logger ID       "
"1",""
"1",":"
"1"," chr [1:313] "
"1",""
"1","""HAR12"" ""HAR12"" ""HAR12"" ""HAR12"""
"1",""
"1"," ..."
"1",""
"1","
"
"1","  .."
"1",""
"1","$ "
"1",""
"1","Year            "
"1",""
"1",":"
"1"," num [1:313] "
"1",""
"1","2020 2020 2020 2020 2020 2020 2020 2020 2020 2020"
"1",""
"1"," ..."
"1",""
"1","
"
"1","  .."
"1",""
"1","$ "
"1",""
"1","Month           "
"1",""
"1",":"
"1"," num [1:313] "
"1",""
"1","6 6 6 6 6 6 6 6 6 6"
"1",""
"1"," ..."
"1",""
"1","
"
"1","  .."
"1",""
"1","$ "
"1",""
"1","Day             "
"1",""
"1",":"
"1"," num [1:313] "
"1",""
"1","25 25 25 25 25 25 25 25 25 25"
"1",""
"1"," ..."
"1",""
"1","
"
"1","  .."
"1",""
"1","$ "
"1",""
"1","Hour            "
"1",""
"1",":"
"1"," num [1:313] "
"1",""
"1","21 21 21 21 21 21 21 21 21 22"
"1",""
"1"," ..."
"1",""
"1","
"
"1","  .."
"1",""
"1","$ "
"1",""
"1","Minute          "
"1",""
"1",":"
"1"," num [1:313] "
"1",""
"1","10 12 14 15 20 20 25 31 47 2"
"1",""
"1"," ..."
"1",""
"1","
"
"1","  .."
"1",""
"1","$ "
"1",""
"1","Second          "
"1",""
"1",":"
"1"," num [1:313] "
"1",""
"1","0 0 0 0 6 7 1 0 0 0"
"1",""
"1"," ..."
"1",""
"1","
"
"1","  .."
"1",""
"1","$ "
"1",""
"1","Latitude        "
"1",""
"1",":"
"1"," num [1:313] "
"1",""
"1","49.8 49.8 49.8 49.8 NA"
"1",""
"1"," ..."
"1",""
"1","
"
"1","  .."
"1",""
"1","$ "
"1",""
"1","Longitude       "
"1",""
"1",":"
"1"," num [1:313] "
"1",""
"1","-122 -122 -122 -122 NA"
"1",""
"1"," ..."
"1",""
"1","
"
"1","  .."
"1",""
"1","$ "
"1",""
"1","Speed           "
"1",""
"1",":"
"1"," num [1:313] "
"1",""
"1","0.6 0.2 0.3 0.1 NA NA NA 0.3 0 0.3"
"1",""
"1"," ..."
"1",""
"1","
"
"1","  .."
"1",""
"1","$ "
"1",""
"1","Searching time  "
"1",""
"1",":"
"1"," num [1:313] "
"1",""
"1","270 87 140 43 NA NA NA 69 33 13"
"1",""
"1"," ..."
"1",""
"1","
"
"1","  .."
"1",""
"1","$ "
"1",""
"1","Voltage         "
"1",""
"1",":"
"1"," num [1:313] "
"1",""
"1","4.12 4.12 4.12 4.12 NA NA NA 4.1 4.09 4.09"
"1",""
"1"," ..."
"1",""
"1","
"
"1","  .."
"1",""
"1","$ "
"1",""
"1","Temperature     "
"1",""
"1",":"
"1"," num [1:313] "
"1",""
"1","25.5 25.5 25.5 25.5 NA NA NA 23.5 25 24.5"
"1",""
"1"," ..."
"1",""
"1","
"
"1","  .."
"1",""
"1","$ "
"1",""
"1","Altitude        "
"1",""
"1",":"
"1"," logi [1:313] "
"1",""
"1","NA NA NA NA NA NA"
"1",""
"1"," ..."
"1",""
"1","
"
"1","  .."
"1",""
"1","$ "
"1",""
"1","Div up          "
"1",""
"1",":"
"1"," logi [1:313] "
"1",""
"1","NA NA NA NA NA NA"
"1",""
"1"," ..."
"1",""
"1","
"
"1","  .."
"1",""
"1","$ "
"1",""
"1","Div down        "
"1",""
"1",":"
"1"," logi [1:313] "
"1",""
"1","NA NA NA NA NA NA"
"1",""
"1"," ..."
"1",""
"1","
"
"1","  .."
"1",""
"1","$ "
"1",""
"1","No GPS - timeout"
"1",""
"1",":"
"1"," logi [1:313] "
"1",""
"1","NA NA NA NA NA NA"
"1",""
"1"," ..."
"1",""
"1","
"
"1","  .."
"1",""
"1","$ "
"1",""
"1","No GPS - diving "
"1",""
"1",":"
"1"," logi [1:313] "
"1",""
"1","NA NA NA NA NA NA"
"1",""
"1"," ..."
"1",""
"1","
"
"1","  .."
"1",""
"1","$ "
"1",""
"1","In range        "
"1",""
"1",":"
"1"," num [1:313] "
"1",""
"1","NA NA NA NA 1 1 1 NA NA NA"
"1",""
"1"," ..."
"1",""
"1","
"
"1","  .."
"1",""
"1","$ "
"1",""
"1","Diving duration "
"1",""
"1",":"
"1"," logi [1:313] "
"1",""
"1","NA NA NA NA NA NA"
"1",""
"1"," ..."
"1",""
"1","
"
"1","  .."
"1",""
"1","$ "
"1",""
"1","Raw latitude    "
"1",""
"1",":"
"1"," chr [1:313] "
"1",""
"1","""4948291N"" ""4948306N"" ""4948300N"" ""4948296N"""
"1",""
"1"," ..."
"1",""
"1","
"
"1","  .."
"1",""
"1","$ "
"1",""
"1","Raw Longitude   "
"1",""
"1",":"
"1"," chr [1:313] "
"1",""
"1","""12214996W"" ""12215006W"" ""12215011W"" ""12214995W"""
"1",""
"1"," ..."
"1",""
"1","
"
"1","  .."
"1",""
"1","$ "
"1",""
"1","Decision voltage"
"1",""
"1",":"
"1"," num [1:313] "
"1",""
"1","NA NA NA NA 4.1 4.1 4.1 NA NA NA"
"1",""
"1"," ..."
"1",""
"1","
"
"1","  .."
"1",""
"1","$ "
"1",""
"1","Milisecond      "
"1",""
"1",":"
"1"," num [1:313] "
"1",""
"1","0 0 0 0 0 0 0 0 0 0"
"1",""
"1"," ..."
"1",""
"1","
"
"1","  .."
"1",""
"1","$ "
"1",""
"1","Acc_X           "
"1",""
"1",":"
"1"," logi [1:313] "
"1",""
"1","NA NA NA NA NA NA"
"1",""
"1"," ..."
"1",""
"1","
"
"1","  .."
"1",""
"1","$ "
"1",""
"1","Acc_Y           "
"1",""
"1",":"
"1"," logi [1:313] "
"1",""
"1","NA NA NA NA NA NA"
"1",""
"1"," ..."
"1",""
"1","
"
"1","  .."
"1",""
"1","$ "
"1",""
"1","Acc_Z           "
"1",""
"1",":"
"1"," logi [1:313] "
"1",""
"1","NA NA NA NA NA NA"
"1",""
"1"," ..."
"1",""
"1","
"
"1","  .."
"1",""
"1","- attr(*, ""spec"")="
"1","
"
"1",""
"1","  .. .. cols(
  .. ..   `Logger ID` = [31mcol_character()[39m,
  .. ..   Year = [32mcol_double()[39m,
  .. ..   Month = [32mcol_double()[39m,
  .. ..   Day = [32mcol_double()[39m,
  .. ..   Hour = [32mcol_double()[39m,
  .. ..   Minute = [32mcol_double()[39m,
  .. ..   Second = [32mcol_double()[39m,
  .. ..   Latitude = [32mcol_double()[39m,
  .. ..   Longitude = [32mcol_double()[39m,
  .. ..   Speed = [32mcol_double()[39m,
  .. ..   `Searching time` = [32mcol_double()[39m,
  .. ..   Voltage = [32mcol_double()[39m,
  .. ..   Temperature = [32mcol_double()[39m,
  .. ..   Altitude = [33mcol_logical()[39m,
  .. ..   `Div up` = [33mcol_logical()[39m,
  .. ..   `Div down` = [33mcol_logical()[39m,
  .. ..   `No GPS - timeout` = [33mcol_logical()[39m,
  .. ..   `No GPS - diving` = [33mcol_logical()[39m,
  .. ..   `In range` = [32mcol_double()[39m,
  .. ..   `Diving duration` = [33mcol_logical()[39m,
  .. ..   `Raw latitude` = [31mcol_character()[39m,
  .. ..   `Raw Longitude` = [31mcol_character()[39m,
  .. ..   `Decision voltage` = [32mcol_double()[39m,
  .. ..   Milisecond = [32mcol_double()[39m,
  .. ..   Acc_X = [33mcol_logical()[39m,
  .. ..   Acc_Y = [33mcol_logical()[39m,
  .. ..   Acc_Z = [33mcol_logical()[39m
  .. .. )"
"1",""
"1","
"
"1"," "
"1",""
"1","$ "
"1",""
"1",""
"1",""
"1",":"
"1"," "
"1","tibble [1,617 x 27]"
"1",""
"1"," (S3: "
"1",""
"1","spec_tbl_df/tbl_df/tbl/data.frame"
"1",""
"1",")"
"1",""
"1","
"
"1","  .."
"1",""
"1","$ "
"1",""
"1","Logger ID       "
"1",""
"1",":"
"1"," chr [1:1617] "
"1",""
"1","""HAR04"" ""HAR04"" ""HAR04"" ""HAR04"""
"1",""
"1"," ..."
"1",""
"1","
"
"1","  .."
"1",""
"1","$ "
"1",""
"1","Year            "
"1",""
"1",":"
"1"," num [1:1617] "
"1",""
"1","2019 2019 2019 2019 2019"
"1",""
"1"," ..."
"1",""
"1","
"
"1","  .."
"1",""
"1","$ "
"1",""
"1","Month           "
"1",""
"1",":"
"1"," num [1:1617] "
"1",""
"1","6 6 6 6 6 6 6 6 6 6"
"1",""
"1"," ..."
"1",""
"1","
"
"1","  .."
"1",""
"1","$ "
"1",""
"1","Day             "
"1",""
"1",":"
"1"," num [1:1617] "
"1",""
"1","22 22 22 22 22 22 22 22 22 22"
"1",""
"1"," ..."
"1",""
"1","
"
"1","  .."
"1",""
"1","$ "
"1",""
"1","Hour            "
"1",""
"1",":"
"1"," num [1:1617] "
"1",""
"1","21 21 21 22 22 22 22 23 23 23"
"1",""
"1"," ..."
"1",""
"1","
"
"1","  .."
"1",""
"1","$ "
"1",""
"1","Minute          "
"1",""
"1",":"
"1"," num [1:1617] "
"1",""
"1","16 32 47 3 18 33 48 4 20 36"
"1",""
"1"," ..."
"1",""
"1","
"
"1","  .."
"1",""
"1","$ "
"1",""
"1","Second          "
"1",""
"1",":"
"1"," num [1:1617] "
"1",""
"1","0 0 0 0 0 0 0 0 0 0"
"1",""
"1"," ..."
"1",""
"1","
"
"1","  .."
"1",""
"1","$ "
"1",""
"1","Latitude        "
"1",""
"1",":"
"1"," num [1:1617] "
"1",""
"1","49.7 49.7 49.7 49.7 49.7"
"1",""
"1"," ..."
"1",""
"1","
"
"1","  .."
"1",""
"1","$ "
"1",""
"1","Longitude       "
"1",""
"1",":"
"1"," num [1:1617] "
"1",""
"1","-124 -124 -124 -124 -124"
"1",""
"1"," ..."
"1",""
"1","
"
"1","  .."
"1",""
"1","$ "
"1",""
"1","Speed           "
"1",""
"1",":"
"1"," num [1:1617] "
"1",""
"1","0.8 1.4 1 0.3 0.2 0 0.3 0.2 1.2 1.8"
"1",""
"1"," ..."
"1",""
"1","
"
"1","  .."
"1",""
"1","$ "
"1",""
"1","Searching time  "
"1",""
"1",":"
"1"," num [1:1617] "
"1",""
"1","14 30 12 12 14 8 9 32 42 51"
"1",""
"1"," ..."
"1",""
"1","
"
"1","  .."
"1",""
"1","$ "
"1",""
"1","Voltage         "
"1",""
"1",":"
"1"," num [1:1617] "
"1",""
"1","3.91 3.91 3.92 3.92 3.93 3.93 3.95 3.95 3.94 3.94"
"1",""
"1"," ..."
"1",""
"1","
"
"1","  .."
"1",""
"1","$ "
"1",""
"1","Temperature     "
"1",""
"1",":"
"1"," num [1:1617] "
"1",""
"1","24 26.5 29 28 27 28 37 28 26.5 27"
"1",""
"1"," ..."
"1",""
"1","
"
"1","  .."
"1",""
"1","$ "
"1",""
"1","Altitude        "
"1",""
"1",":"
"1"," logi [1:1617] "
"1",""
"1","NA NA NA NA NA NA"
"1",""
"1"," ..."
"1",""
"1","
"
"1","  .."
"1",""
"1","$ "
"1",""
"1","Div up          "
"1",""
"1",":"
"1"," logi [1:1617] "
"1",""
"1","NA NA NA NA NA NA"
"1",""
"1"," ..."
"1",""
"1","
"
"1","  .."
"1",""
"1","$ "
"1",""
"1","Div down        "
"1",""
"1",":"
"1"," logi [1:1617] "
"1",""
"1","NA NA NA NA NA NA"
"1",""
"1"," ..."
"1",""
"1","
"
"1","  .."
"1",""
"1","$ "
"1",""
"1","No GPS - timeout"
"1",""
"1",":"
"1"," num [1:1617] "
"1",""
"1","NA NA NA NA NA NA NA NA NA NA"
"1",""
"1"," ..."
"1",""
"1","
"
"1","  .."
"1",""
"1","$ "
"1",""
"1","No GPS - diving "
"1",""
"1",":"
"1"," logi [1:1617] "
"1",""
"1","NA NA NA NA NA NA"
"1",""
"1"," ..."
"1",""
"1","
"
"1","  .."
"1",""
"1","$ "
"1",""
"1","In range        "
"1",""
"1",":"
"1"," num [1:1617] "
"1",""
"1","NA NA NA NA NA NA NA NA NA NA"
"1",""
"1"," ..."
"1",""
"1","
"
"1","  .."
"1",""
"1","$ "
"1",""
"1","Diving duration "
"1",""
"1",":"
"1"," logi [1:1617] "
"1",""
"1","NA NA NA NA NA NA"
"1",""
"1"," ..."
"1",""
"1","
"
"1","  .."
"1",""
"1","$ "
"1",""
"1","Raw latitude    "
"1",""
"1",":"
"1"," chr [1:1617] "
"1",""
"1","""4942700N"" ""4942706N"" ""4942713N"" ""4942725N"""
"1",""
"1"," ..."
"1",""
"1","
"
"1","  .."
"1",""
"1","$ "
"1",""
"1","Raw Longitude   "
"1",""
"1",":"
"1"," chr [1:1617] "
"1",""
"1","""12400354W"" ""12400342W"" ""12400293W"" ""12400218W"""
"1",""
"1"," ..."
"1",""
"1","
"
"1","  .."
"1",""
"1","$ "
"1",""
"1","Decision voltage"
"1",""
"1",":"
"1"," num [1:1617] "
"1",""
"1","NA NA NA NA NA NA NA NA NA NA"
"1",""
"1"," ..."
"1",""
"1","
"
"1","  .."
"1",""
"1","$ "
"1",""
"1","Milisecond      "
"1",""
"1",":"
"1"," num [1:1617] "
"1",""
"1","0 0 0 0 0 0 0 0 0 0"
"1",""
"1"," ..."
"1",""
"1","
"
"1","  .."
"1",""
"1","$ "
"1",""
"1","Acc_X           "
"1",""
"1",":"
"1"," logi [1:1617] "
"1",""
"1","NA NA NA NA NA NA"
"1",""
"1"," ..."
"1",""
"1","
"
"1","  .."
"1",""
"1","$ "
"1",""
"1","Acc_Y           "
"1",""
"1",":"
"1"," logi [1:1617] "
"1",""
"1","NA NA NA NA NA NA"
"1",""
"1"," ..."
"1",""
"1","
"
"1","  .."
"1",""
"1","$ "
"1",""
"1","Acc_Z           "
"1",""
"1",":"
"1"," logi [1:1617] "
"1",""
"1","NA NA NA NA NA NA"
"1",""
"1"," ..."
"1",""
"1","
"
"1","  .."
"1",""
"1","- attr(*, ""spec"")="
"1","
"
"1",""
"1","  .. .. cols(
  .. ..   `Logger ID` = [31mcol_character()[39m,
  .. ..   Year = [32mcol_double()[39m,
  .. ..   Month = [32mcol_double()[39m,
  .. ..   Day = [32mcol_double()[39m,
  .. ..   Hour = [32mcol_double()[39m,
  .. ..   Minute = [32mcol_double()[39m,
  .. ..   Second = [32mcol_double()[39m,
  .. ..   Latitude = [32mcol_double()[39m,
  .. ..   Longitude = [32mcol_double()[39m,
  .. ..   Speed = [32mcol_double()[39m,
  .. ..   `Searching time` = [32mcol_double()[39m,
  .. ..   Voltage = [32mcol_double()[39m,
  .. ..   Temperature = [32mcol_double()[39m,
  .. ..   Altitude = [33mcol_logical()[39m,
  .. ..   `Div up` = [33mcol_logical()[39m,
  .. ..   `Div down` = [33mcol_logical()[39m,
  .. ..   `No GPS - timeout` = [32mcol_double()[39m,
  .. ..   `No GPS - diving` = [33mcol_logical()[39m,
  .. ..   `In range` = [32mcol_double()[39m,
  .. ..   `Diving duration` = [33mcol_logical()[39m,
  .. ..   `Raw latitude` = [31mcol_character()[39m,
  .. ..   `Raw Longitude` = [31mcol_character()[39m,
  .. ..   `Decision voltage` = [32mcol_double()[39m,
  .. ..   Milisecond = [32mcol_double()[39m,
  .. ..   Acc_X = [33mcol_logical()[39m,
  .. ..   Acc_Y = [33mcol_logical()[39m,
  .. ..   Acc_Z = [33mcol_logical()[39m
  .. .. )"
"1",""
"1","
"
"1"," "
"1",""
"1","$ "
"1",""
"1",""
"1",""
"1",":"
"1"," "
"1","tibble [4,742 x 27]"
"1",""
"1"," (S3: "
"1",""
"1","spec_tbl_df/tbl_df/tbl/data.frame"
"1",""
"1",")"
"1",""
"1","
"
"1","  .."
"1",""
"1","$ "
"1",""
"1","Logger ID       "
"1",""
"1",":"
"1"," chr [1:4742] "
"1",""
"1","""HAR05"" ""HAR05"" ""HAR05"" ""HAR05"""
"1",""
"1"," ..."
"1",""
"1","
"
"1","  .."
"1",""
"1","$ "
"1",""
"1","Year            "
"1",""
"1",":"
"1"," num [1:4742] "
"1",""
"1","2019 2019 2019 2019 2019"
"1",""
"1"," ..."
"1",""
"1","
"
"1","  .."
"1",""
"1","$ "
"1",""
"1","Month           "
"1",""
"1",":"
"1"," num [1:4742] "
"1",""
"1","6 6 6 6 6 6 6 6 6 6"
"1",""
"1"," ..."
"1",""
"1","
"
"1","  .."
"1",""
"1","$ "
"1",""
"1","Day             "
"1",""
"1",":"
"1"," num [1:4742] "
"1",""
"1","23 23 23 23 23 23 24 24 24 24"
"1",""
"1"," ..."
"1",""
"1","
"
"1","  .."
"1",""
"1","$ "
"1",""
"1","Hour            "
"1",""
"1",":"
"1"," num [1:4742] "
"1",""
"1","22 22 23 23 23 23 0 0 0 1"
"1",""
"1"," ..."
"1",""
"1","
"
"1","  .."
"1",""
"1","$ "
"1",""
"1","Minute          "
"1",""
"1",":"
"1"," num [1:4742] "
"1",""
"1","38 53 10 25 41 58 16 34 49 5"
"1",""
"1"," ..."
"1",""
"1","
"
"1","  .."
"1",""
"1","$ "
"1",""
"1","Second          "
"1",""
"1",":"
"1"," num [1:4742] "
"1",""
"1","0 0 0 0 0 0 48 0 0 0"
"1",""
"1"," ..."
"1",""
"1","
"
"1","  .."
"1",""
"1","$ "
"1",""
"1","Latitude        "
"1",""
"1",":"
"1"," num [1:4742] "
"1",""
"1","49.6 49.6 49.6 49.6 49.6"
"1",""
"1"," ..."
"1",""
"1","
"
"1","  .."
"1",""
"1","$ "
"1",""
"1","Longitude       "
"1",""
"1",":"
"1"," num [1:4742] "
"1",""
"1","-124 -124 -124 -124 -124"
"1",""
"1"," ..."
"1",""
"1","
"
"1","  .."
"1",""
"1","$ "
"1",""
"1","Speed           "
"1",""
"1",":"
"1"," num [1:4742] "
"1",""
"1","0.2 0.3 2 0 0.7 0 NA 0.1 0.7 1.8"
"1",""
"1"," ..."
"1",""
"1","
"
"1","  .."
"1",""
"1","$ "
"1",""
"1","Searching time  "
"1",""
"1",":"
"1"," num [1:4742] "
"1",""
"1","97 33 68 43 20 141 NA 121 28 33"
"1",""
"1"," ..."
"1",""
"1","
"
"1","  .."
"1",""
"1","$ "
"1",""
"1","Voltage         "
"1",""
"1",":"
"1"," num [1:4742] "
"1",""
"1","3.86 3.87 3.88 3.87 3.87 3.86 NA 3.85 3.85 3.85"
"1",""
"1"," ..."
"1",""
"1","
"
"1","  .."
"1",""
"1","$ "
"1",""
"1","Temperature     "
"1",""
"1",":"
"1"," num [1:4742] "
"1",""
"1","24 21.5 22.5 20.5 21 19 NA 20 19 18.5"
"1",""
"1"," ..."
"1",""
"1","
"
"1","  .."
"1",""
"1","$ "
"1",""
"1","Altitude        "
"1",""
"1",":"
"1"," logi [1:4742] "
"1",""
"1","NA NA NA NA NA NA"
"1",""
"1"," ..."
"1",""
"1","
"
"1","  .."
"1",""
"1","$ "
"1",""
"1","Div up          "
"1",""
"1",":"
"1"," logi [1:4742] "
"1",""
"1","NA NA NA NA NA NA"
"1",""
"1"," ..."
"1",""
"1","
"
"1","  .."
"1",""
"1","$ "
"1",""
"1","Div down        "
"1",""
"1",":"
"1"," logi [1:4742] "
"1",""
"1","NA NA NA NA NA NA"
"1",""
"1"," ..."
"1",""
"1","
"
"1","  .."
"1",""
"1","$ "
"1",""
"1","No GPS - timeout"
"1",""
"1",":"
"1"," num [1:4742] "
"1",""
"1","NA NA NA NA NA NA 1 NA NA NA"
"1",""
"1"," ..."
"1",""
"1","
"
"1","  .."
"1",""
"1","$ "
"1",""
"1","No GPS - diving "
"1",""
"1",":"
"1"," logi [1:4742] "
"1",""
"1","NA NA NA NA NA NA"
"1",""
"1"," ..."
"1",""
"1","
"
"1","  .."
"1",""
"1","$ "
"1",""
"1","In range        "
"1",""
"1",":"
"1"," logi [1:4742] "
"1",""
"1","NA NA NA NA NA NA"
"1",""
"1"," ..."
"1",""
"1","
"
"1","  .."
"1",""
"1","$ "
"1",""
"1","Diving duration "
"1",""
"1",":"
"1"," logi [1:4742] "
"1",""
"1","NA NA NA NA NA NA"
"1",""
"1"," ..."
"1",""
"1","
"
"1","  .."
"1",""
"1","$ "
"1",""
"1","Raw latitude    "
"1",""
"1",":"
"1"," chr [1:4742] "
"1",""
"1","""4934777N"" ""4934949N"" ""4934973N"" ""4934943N"""
"1",""
"1"," ..."
"1",""
"1","
"
"1","  .."
"1",""
"1","$ "
"1",""
"1","Raw Longitude   "
"1",""
"1",":"
"1"," chr [1:4742] "
"1",""
"1","""12350511W"" ""12350556W"" ""12350613W"" ""12350546W"""
"1",""
"1"," ..."
"1",""
"1","
"
"1","  .."
"1",""
"1","$ "
"1",""
"1","Decision voltage"
"1",""
"1",":"
"1"," logi [1:4742] "
"1",""
"1","NA NA NA NA NA NA"
"1",""
"1"," ..."
"1",""
"1","
"
"1","  .."
"1",""
"1","$ "
"1",""
"1","Milisecond      "
"1",""
"1",":"
"1"," num [1:4742] "
"1",""
"1","0 0 0 0 0 0 0 0 0 0"
"1",""
"1"," ..."
"1",""
"1","
"
"1","  .."
"1",""
"1","$ "
"1",""
"1","Acc_X           "
"1",""
"1",":"
"1"," logi [1:4742] "
"1",""
"1","NA NA NA NA NA NA"
"1",""
"1"," ..."
"1",""
"1","
"
"1","  .."
"1",""
"1","$ "
"1",""
"1","Acc_Y           "
"1",""
"1",":"
"1"," logi [1:4742] "
"1",""
"1","NA NA NA NA NA NA"
"1",""
"1"," ..."
"1",""
"1","
"
"1","  .."
"1",""
"1","$ "
"1",""
"1","Acc_Z           "
"1",""
"1",":"
"1"," logi [1:4742] "
"1",""
"1","NA NA NA NA NA NA"
"1",""
"1"," ..."
"1",""
"1","
"
"1","  .."
"1",""
"1","- attr(*, ""spec"")="
"1","
"
"1",""
"1","  .. .. cols(
  .. ..   `Logger ID` = [31mcol_character()[39m,
  .. ..   Year = [32mcol_double()[39m,
  .. ..   Month = [32mcol_double()[39m,
  .. ..   Day = [32mcol_double()[39m,
  .. ..   Hour = [32mcol_double()[39m,
  .. ..   Minute = [32mcol_double()[39m,
  .. ..   Second = [32mcol_double()[39m,
  .. ..   Latitude = [32mcol_double()[39m,
  .. ..   Longitude = [32mcol_double()[39m,
  .. ..   Speed = [32mcol_double()[39m,
  .. ..   `Searching time` = [32mcol_double()[39m,
  .. ..   Voltage = [32mcol_double()[39m,
  .. ..   Temperature = [32mcol_double()[39m,
  .. ..   Altitude = [33mcol_logical()[39m,
  .. ..   `Div up` = [33mcol_logical()[39m,
  .. ..   `Div down` = [33mcol_logical()[39m,
  .. ..   `No GPS - timeout` = [32mcol_double()[39m,
  .. ..   `No GPS - diving` = [33mcol_logical()[39m,
  .. ..   `In range` = [33mcol_logical()[39m,
  .. ..   `Diving duration` = [33mcol_logical()[39m,
  .. ..   `Raw latitude` = [31mcol_character()[39m,
  .. ..   `Raw Longitude` = [31mcol_character()[39m,
  .. ..   `Decision voltage` = [33mcol_logical()[39m,
  .. ..   Milisecond = [32mcol_double()[39m,
  .. ..   Acc_X = [33mcol_logical()[39m,
  .. ..   Acc_Y = [33mcol_logical()[39m,
  .. ..   Acc_Z = [33mcol_logical()[39m
  .. .. )"
"1",""
"1","
"
"1"," "
"1",""
"1","$ "
"1",""
"1",""
"1",""
"1",":"
"1"," "
"1","tibble [2,807 x 1]"
"1",""
"1"," (S3: "
"1",""
"1","spec_tbl_df/tbl_df/tbl/data.frame"
"1",""
"1",")"
"1",""
"1","
"
"1","  .."
"1",""
"1","$ "
"1",""
"1","LoggerID,Year,Month,Day,Hour,Minute,Second,Lat,Long,Speed,SearchT,Voltage,Temp,NoGPS"
"1",""
"1",":"
"1"," chr [1:2807] "
"1",""
"1","""HAR07,2018,7,8,20,37,0,50.080033,-123.339883,0.1,30,4.1,30,"" ""HAR07,2018,7,8,20,53,0,50.080483,-123.338417,0.2,67,4.1,28.5,"" ""HAR07,2018,7,8,21,10,0,50.080517,-123.338483,0,97,4.09,29.5,"" ""HAR07,2018,7,8,21,26,0,50.080750,-123.338217,0.1,75,4.09,27.5,"""
"1",""
"1"," ..."
"1",""
"1","
"
"1","  .."
"1",""
"1","- attr(*, ""spec"")="
"1","
"
"1",""
"1","  .. .. cols(
  .. ..   `LoggerID,Year,Month,Day,Hour,Minute,Second,Lat,Long,Speed,SearchT,Voltage,Temp,NoGPS` = [31mcol_character()[39m
  .. .. )"
"1",""
"1","
"
"1"," "
"1",""
"1","$ "
"1",""
"1",""
"1",""
"1",":"
"1"," "
"1","tibble [145 x 27]"
"1",""
"1"," (S3: "
"1",""
"1","spec_tbl_df/tbl_df/tbl/data.frame"
"1",""
"1",")"
"1",""
"1","
"
"1","  .."
"1",""
"1","$ "
"1",""
"1","Logger ID       "
"1",""
"1",":"
"1"," chr [1:145] "
"1",""
"1","""HAR08"" ""HAR08"" ""HAR08"" ""HAR08"""
"1",""
"1"," ..."
"1",""
"1","
"
"1","  .."
"1",""
"1","$ "
"1",""
"1","Year            "
"1",""
"1",":"
"1"," num [1:145] "
"1",""
"1","2019 2019 2019 2019 2019"
"1",""
"1"," ..."
"1",""
"1","
"
"1","  .."
"1",""
"1","$ "
"1",""
"1","Month           "
"1",""
"1",":"
"1"," num [1:145] "
"1",""
"1","6 6 6 6 6 6 6 6 6 6"
"1",""
"1"," ..."
"1",""
"1","
"
"1","  .."
"1",""
"1","$ "
"1",""
"1","Day             "
"1",""
"1",":"
"1"," num [1:145] "
"1",""
"1","10 10 10 10 10 10 10 10 10 10"
"1",""
"1"," ..."
"1",""
"1","
"
"1","  .."
"1",""
"1","$ "
"1",""
"1","Hour            "
"1",""
"1",":"
"1"," num [1:145] "
"1",""
"1","19 19 19 19 19 19 19 19 19 19"
"1",""
"1"," ..."
"1",""
"1","
"
"1","  .."
"1",""
"1","$ "
"1",""
"1","Minute          "
"1",""
"1",":"
"1"," num [1:145] "
"1",""
"1","38 38 38 38 38 41 46 46 51 51"
"1",""
"1"," ..."
"1",""
"1","
"
"1","  .."
"1",""
"1","$ "
"1",""
"1","Second          "
"1",""
"1",":"
"1"," num [1:145] "
"1",""
"1","40 41 48 49 50 51 49 50 44 46"
"1",""
"1"," ..."
"1",""
"1","
"
"1","  .."
"1",""
"1","$ "
"1",""
"1","Latitude        "
"1",""
"1",":"
"1"," num [1:145] "
"1",""
"1","NA NA NA NA NA NA NA NA NA NA"
"1",""
"1"," ..."
"1",""
"1","
"
"1","  .."
"1",""
"1","$ "
"1",""
"1","Longitude       "
"1",""
"1",":"
"1"," num [1:145] "
"1",""
"1","NA NA NA NA NA NA NA NA NA NA"
"1",""
"1"," ..."
"1",""
"1","
"
"1","  .."
"1",""
"1","$ "
"1",""
"1","Speed           "
"1",""
"1",":"
"1"," num [1:145] "
"1",""
"1","NA NA NA NA NA NA NA NA NA NA"
"1",""
"1"," ..."
"1",""
"1","
"
"1","  .."
"1",""
"1","$ "
"1",""
"1","Searching time  "
"1",""
"1",":"
"1"," num [1:145] "
"1",""
"1","NA NA NA NA NA NA NA NA NA NA"
"1",""
"1"," ..."
"1",""
"1","
"
"1","  .."
"1",""
"1","$ "
"1",""
"1","Voltage         "
"1",""
"1",":"
"1"," num [1:145] "
"1",""
"1","NA NA NA NA NA NA NA NA NA NA"
"1",""
"1"," ..."
"1",""
"1","
"
"1","  .."
"1",""
"1","$ "
"1",""
"1","Temperature     "
"1",""
"1",":"
"1"," num [1:145] "
"1",""
"1","NA NA NA NA NA NA NA NA NA NA"
"1",""
"1"," ..."
"1",""
"1","
"
"1","  .."
"1",""
"1","$ "
"1",""
"1","Altitude        "
"1",""
"1",":"
"1"," logi [1:145] "
"1",""
"1","NA NA NA NA NA NA"
"1",""
"1"," ..."
"1",""
"1","
"
"1","  .."
"1",""
"1","$ "
"1",""
"1","Div up          "
"1",""
"1",":"
"1"," logi [1:145] "
"1",""
"1","NA NA NA NA NA NA"
"1",""
"1"," ..."
"1",""
"1","
"
"1","  .."
"1",""
"1","$ "
"1",""
"1","Div down        "
"1",""
"1",":"
"1"," logi [1:145] "
"1",""
"1","NA NA NA NA NA NA"
"1",""
"1"," ..."
"1",""
"1","
"
"1","  .."
"1",""
"1","$ "
"1",""
"1","No GPS - timeout"
"1",""
"1",":"
"1"," num [1:145] "
"1",""
"1","NA NA NA NA NA 1 NA NA NA NA"
"1",""
"1"," ..."
"1",""
"1","
"
"1","  .."
"1",""
"1","$ "
"1",""
"1","No GPS - diving "
"1",""
"1",":"
"1"," logi [1:145] "
"1",""
"1","NA NA NA NA NA NA"
"1",""
"1"," ..."
"1",""
"1","
"
"1","  .."
"1",""
"1","$ "
"1",""
"1","In range        "
"1",""
"1",":"
"1"," num [1:145] "
"1",""
"1","1 1 1 1 1 NA 1 1 1 1"
"1",""
"1"," ..."
"1",""
"1","
"
"1","  .."
"1",""
"1","$ "
"1",""
"1","Diving duration "
"1",""
"1",":"
"1"," logi [1:145] "
"1",""
"1","NA NA NA NA NA NA"
"1",""
"1"," ..."
"1",""
"1","
"
"1","  .."
"1",""
"1","$ "
"1",""
"1","Raw latitude    "
"1",""
"1",":"
"1"," chr [1:145] "
"1",""
"1","NA NA NA NA"
"1",""
"1"," ..."
"1",""
"1","
"
"1","  .."
"1",""
"1","$ "
"1",""
"1","Raw Longitude   "
"1",""
"1",":"
"1"," chr [1:145] "
"1",""
"1","NA NA NA NA"
"1",""
"1"," ..."
"1",""
"1","
"
"1","  .."
"1",""
"1","$ "
"1",""
"1","Decision voltage"
"1",""
"1",":"
"1"," num [1:145] "
"1",""
"1","3.65 3.65 3.65 3.65 3.65 NA 3.62 3.62 3.62 3.62"
"1",""
"1"," ..."
"1",""
"1","
"
"1","  .."
"1",""
"1","$ "
"1",""
"1","Milisecond      "
"1",""
"1",":"
"1"," num [1:145] "
"1",""
"1","0 0 0 0 0 0 0 0 0 0"
"1",""
"1"," ..."
"1",""
"1","
"
"1","  .."
"1",""
"1","$ "
"1",""
"1","Acc_X           "
"1",""
"1",":"
"1"," logi [1:145] "
"1",""
"1","NA NA NA NA NA NA"
"1",""
"1"," ..."
"1",""
"1","
"
"1","  .."
"1",""
"1","$ "
"1",""
"1","Acc_Y           "
"1",""
"1",":"
"1"," logi [1:145] "
"1",""
"1","NA NA NA NA NA NA"
"1",""
"1"," ..."
"1",""
"1","
"
"1","  .."
"1",""
"1","$ "
"1",""
"1","Acc_Z           "
"1",""
"1",":"
"1"," logi [1:145] "
"1",""
"1","NA NA NA NA NA NA"
"1",""
"1"," ..."
"1",""
"1","
"
"1","  .."
"1",""
"1","- attr(*, ""spec"")="
"1","
"
"1",""
"1","  .. .. cols(
  .. ..   `Logger ID` = [31mcol_character()[39m,
  .. ..   Year = [32mcol_double()[39m,
  .. ..   Month = [32mcol_double()[39m,
  .. ..   Day = [32mcol_double()[39m,
  .. ..   Hour = [32mcol_double()[39m,
  .. ..   Minute = [32mcol_double()[39m,
  .. ..   Second = [32mcol_double()[39m,
  .. ..   Latitude = [32mcol_double()[39m,
  .. ..   Longitude = [32mcol_double()[39m,
  .. ..   Speed = [32mcol_double()[39m,
  .. ..   `Searching time` = [32mcol_double()[39m,
  .. ..   Voltage = [32mcol_double()[39m,
  .. ..   Temperature = [32mcol_double()[39m,
  .. ..   Altitude = [33mcol_logical()[39m,
  .. ..   `Div up` = [33mcol_logical()[39m,
  .. ..   `Div down` = [33mcol_logical()[39m,
  .. ..   `No GPS - timeout` = [32mcol_double()[39m,
  .. ..   `No GPS - diving` = [33mcol_logical()[39m,
  .. ..   `In range` = [32mcol_double()[39m,
  .. ..   `Diving duration` = [33mcol_logical()[39m,
  .. ..   `Raw latitude` = [31mcol_character()[39m,
  .. ..   `Raw Longitude` = [31mcol_character()[39m,
  .. ..   `Decision voltage` = [32mcol_double()[39m,
  .. ..   Milisecond = [32mcol_double()[39m,
  .. ..   Acc_X = [33mcol_logical()[39m,
  .. ..   Acc_Y = [33mcol_logical()[39m,
  .. ..   Acc_Z = [33mcol_logical()[39m
  .. .. )"
"1",""
"1","
"
"1"," "
"1",""
"1","$ "
"1",""
"1",""
"1",""
"1",":"
"1"," "
"1","tibble [1,271 x 27]"
"1",""
"1"," (S3: "
"1",""
"1","spec_tbl_df/tbl_df/tbl/data.frame"
"1",""
"1",")"
"1",""
"1","
"
"1","  .."
"1",""
"1","$ "
"1",""
"1","Logger ID       "
"1",""
"1",":"
"1"," chr [1:1271] "
"1",""
"1","""HAR09"" ""HAR09"" ""HAR09"" ""HAR09"""
"1",""
"1"," ..."
"1",""
"1","
"
"1","  .."
"1",""
"1","$ "
"1",""
"1","Year            "
"1",""
"1",":"
"1"," num [1:1271] "
"1",""
"1","2019 2019 2019 2019 2019"
"1",""
"1"," ..."
"1",""
"1","
"
"1","  .."
"1",""
"1","$ "
"1",""
"1","Month           "
"1",""
"1",":"
"1"," num [1:1271] "
"1",""
"1","5 5 5 5 5 5 5 5 5 5"
"1",""
"1"," ..."
"1",""
"1","
"
"1","  .."
"1",""
"1","$ "
"1",""
"1","Day             "
"1",""
"1",":"
"1"," num [1:1271] "
"1",""
"1","2 2 2 2 2 2 2 2 2 2"
"1",""
"1"," ..."
"1",""
"1","
"
"1","  .."
"1",""
"1","$ "
"1",""
"1","Hour            "
"1",""
"1",":"
"1"," num [1:1271] "
"1",""
"1","17 17 18 18 18 18 18 18 19 19"
"1",""
"1"," ..."
"1",""
"1","
"
"1","  .."
"1",""
"1","$ "
"1",""
"1","Minute          "
"1",""
"1",":"
"1"," num [1:1271] "
"1",""
"1","37 43 3 4 5 23 41 59 17 35"
"1",""
"1"," ..."
"1",""
"1","
"
"1","  .."
"1",""
"1","$ "
"1",""
"1","Second          "
"1",""
"1",":"
"1"," num [1:1271] "
"1",""
"1","0 36 0 0 0 13 13 13 13 13"
"1",""
"1"," ..."
"1",""
"1","
"
"1","  .."
"1",""
"1","$ "
"1",""
"1","Latitude        "
"1",""
"1",":"
"1"," num [1:1271] "
"1",""
"1","49.2 NA 49.2 49.2 49.2"
"1",""
"1"," ..."
"1",""
"1","
"
"1","  .."
"1",""
"1","$ "
"1",""
"1","Longitude       "
"1",""
"1",":"
"1"," num [1:1271] "
"1",""
"1","-123 NA -123 -123 -123"
"1",""
"1"," ..."
"1",""
"1","
"
"1","  .."
"1",""
"1","$ "
"1",""
"1","Speed           "
"1",""
"1",":"
"1"," num [1:1271] "
"1",""
"1","0.4 NA 0.2 0 2.1 NA NA NA NA NA"
"1",""
"1"," ..."
"1",""
"1","
"
"1","  .."
"1",""
"1","$ "
"1",""
"1","Searching time  "
"1",""
"1",":"
"1"," num [1:1271] "
"1",""
"1","222 NA 264 111 15 NA NA NA NA NA"
"1",""
"1"," ..."
"1",""
"1","
"
"1","  .."
"1",""
"1","$ "
"1",""
"1","Voltage         "
"1",""
"1",":"
"1"," num [1:1271] "
"1",""
"1","3.75 NA 3.74 3.74 3.74 NA NA NA NA NA"
"1",""
"1"," ..."
"1",""
"1","
"
"1","  .."
"1",""
"1","$ "
"1",""
"1","Temperature     "
"1",""
"1",":"
"1"," num [1:1271] "
"1",""
"1","24 NA 24.5 24.5 24.5 NA NA NA NA NA"
"1",""
"1"," ..."
"1",""
"1","
"
"1","  .."
"1",""
"1","$ "
"1",""
"1","Altitude        "
"1",""
"1",":"
"1"," logi [1:1271] "
"1",""
"1","NA NA NA NA NA NA"
"1",""
"1"," ..."
"1",""
"1","
"
"1","  .."
"1",""
"1","$ "
"1",""
"1","Div up          "
"1",""
"1",":"
"1"," logi [1:1271] "
"1",""
"1","NA NA NA NA NA NA"
"1",""
"1"," ..."
"1",""
"1","
"
"1","  .."
"1",""
"1","$ "
"1",""
"1","Div down        "
"1",""
"1",":"
"1"," logi [1:1271] "
"1",""
"1","NA NA NA NA NA NA"
"1",""
"1"," ..."
"1",""
"1","
"
"1","  .."
"1",""
"1","$ "
"1",""
"1","No GPS - timeout"
"1",""
"1",":"
"1"," num [1:1271] "
"1",""
"1","NA 1 NA NA NA 1 1 1 1 1"
"1",""
"1"," ..."
"1",""
"1","
"
"1","  .."
"1",""
"1","$ "
"1",""
"1","No GPS - diving "
"1",""
"1",":"
"1"," logi [1:1271] "
"1",""
"1","NA NA NA NA NA NA"
"1",""
"1"," ..."
"1",""
"1","
"
"1","  .."
"1",""
"1","$ "
"1",""
"1","In range        "
"1",""
"1",":"
"1"," num [1:1271] "
"1",""
"1","NA NA NA NA NA NA NA NA NA NA"
"1",""
"1"," ..."
"1",""
"1","
"
"1","  .."
"1",""
"1","$ "
"1",""
"1","Diving duration "
"1",""
"1",":"
"1"," logi [1:1271] "
"1",""
"1","NA NA NA NA NA NA"
"1",""
"1"," ..."
"1",""
"1","
"
"1","  .."
"1",""
"1","$ "
"1",""
"1","Raw latitude    "
"1",""
"1",":"
"1"," chr [1:1271] "
"1",""
"1","""4911576N"" NA ""4911579N"" ""4911562N"""
"1",""
"1"," ..."
"1",""
"1","
"
"1","  .."
"1",""
"1","$ "
"1",""
"1","Raw Longitude   "
"1",""
"1",":"
"1"," chr [1:1271] "
"1",""
"1","""12247886W"" NA ""12247879W"" ""12247886W"""
"1",""
"1"," ..."
"1",""
"1","
"
"1","  .."
"1",""
"1","$ "
"1",""
"1","Decision voltage"
"1",""
"1",":"
"1"," num [1:1271] "
"1",""
"1","NA NA NA NA NA NA NA NA NA NA"
"1",""
"1"," ..."
"1",""
"1","
"
"1","  .."
"1",""
"1","$ "
"1",""
"1","Milisecond      "
"1",""
"1",":"
"1"," num [1:1271] "
"1",""
"1","0 0 0 0 0 0 0 0 0 0"
"1",""
"1"," ..."
"1",""
"1","
"
"1","  .."
"1",""
"1","$ "
"1",""
"1","Acc_X           "
"1",""
"1",":"
"1"," logi [1:1271] "
"1",""
"1","NA NA NA NA NA NA"
"1",""
"1"," ..."
"1",""
"1","
"
"1","  .."
"1",""
"1","$ "
"1",""
"1","Acc_Y           "
"1",""
"1",":"
"1"," logi [1:1271] "
"1",""
"1","NA NA NA NA NA NA"
"1",""
"1"," ..."
"1",""
"1","
"
"1","  .."
"1",""
"1","$ "
"1",""
"1","Acc_Z           "
"1",""
"1",":"
"1"," logi [1:1271] "
"1",""
"1","NA NA NA NA NA NA"
"1",""
"1"," ..."
"1",""
"1","
"
"1","  .."
"1",""
"1","- attr(*, ""spec"")="
"1","
"
"1",""
"1","  .. .. cols(
  .. ..   `Logger ID` = [31mcol_character()[39m,
  .. ..   Year = [32mcol_double()[39m,
  .. ..   Month = [32mcol_double()[39m,
  .. ..   Day = [32mcol_double()[39m,
  .. ..   Hour = [32mcol_double()[39m,
  .. ..   Minute = [32mcol_double()[39m,
  .. ..   Second = [32mcol_double()[39m,
  .. ..   Latitude = [32mcol_double()[39m,
  .. ..   Longitude = [32mcol_double()[39m,
  .. ..   Speed = [32mcol_double()[39m,
  .. ..   `Searching time` = [32mcol_double()[39m,
  .. ..   Voltage = [32mcol_double()[39m,
  .. ..   Temperature = [32mcol_double()[39m,
  .. ..   Altitude = [33mcol_logical()[39m,
  .. ..   `Div up` = [33mcol_logical()[39m,
  .. ..   `Div down` = [33mcol_logical()[39m,
  .. ..   `No GPS - timeout` = [32mcol_double()[39m,
  .. ..   `No GPS - diving` = [33mcol_logical()[39m,
  .. ..   `In range` = [32mcol_double()[39m,
  .. ..   `Diving duration` = [33mcol_logical()[39m,
  .. ..   `Raw latitude` = [31mcol_character()[39m,
  .. ..   `Raw Longitude` = [31mcol_character()[39m,
  .. ..   `Decision voltage` = [32mcol_double()[39m,
  .. ..   Milisecond = [32mcol_double()[39m,
  .. ..   Acc_X = [33mcol_logical()[39m,
  .. ..   Acc_Y = [33mcol_logical()[39m,
  .. ..   Acc_Z = [33mcol_logical()[39m
  .. .. )"
"1",""
"1","
"
"1"," "
"1",""
"1","$ "
"1",""
"1",""
"1",""
"1",":"
"1"," "
"1","tibble [972 x 27]"
"1",""
"1"," (S3: "
"1",""
"1","spec_tbl_df/tbl_df/tbl/data.frame"
"1",""
"1",")"
"1",""
"1","
"
"1","  .."
"1",""
"1","$ "
"1",""
"1","Logger ID       "
"1",""
"1",":"
"1"," chr [1:972] "
"1",""
"1","""HAR10"" ""HAR10"" ""HAR10"" ""HAR10"""
"1",""
"1"," ..."
"1",""
"1","
"
"1","  .."
"1",""
"1","$ "
"1",""
"1","Year            "
"1",""
"1",":"
"1"," num [1:972] "
"1",""
"1","2019 2019 2019 2019 2019"
"1",""
"1"," ..."
"1",""
"1","
"
"1","  .."
"1",""
"1","$ "
"1",""
"1","Month           "
"1",""
"1",":"
"1"," num [1:972] "
"1",""
"1","5 5 5 5 5 5 5 5 5 5"
"1",""
"1"," ..."
"1",""
"1","
"
"1","  .."
"1",""
"1","$ "
"1",""
"1","Day             "
"1",""
"1",":"
"1"," num [1:972] "
"1",""
"1","2 2 2 2 2 2 2 2 2 2"
"1",""
"1"," ..."
"1",""
"1","
"
"1","  .."
"1",""
"1","$ "
"1",""
"1","Hour            "
"1",""
"1",":"
"1"," num [1:972] "
"1",""
"1","17 17 17 18 18 18 18 18 19 19"
"1",""
"1"," ..."
"1",""
"1","
"
"1","  .."
"1",""
"1","$ "
"1",""
"1","Minute          "
"1",""
"1",":"
"1"," num [1:972] "
"1",""
"1","35 40 46 3 4 22 40 58 16 34"
"1",""
"1"," ..."
"1",""
"1","
"
"1","  .."
"1",""
"1","$ "
"1",""
"1","Second          "
"1",""
"1",":"
"1"," num [1:972] "
"1",""
"1","0 0 41 0 0 18 18 18 18 18"
"1",""
"1"," ..."
"1",""
"1","
"
"1","  .."
"1",""
"1","$ "
"1",""
"1","Latitude        "
"1",""
"1",":"
"1"," num [1:972] "
"1",""
"1","49.2 49.2 NA 49.2 49.2"
"1",""
"1"," ..."
"1",""
"1","
"
"1","  .."
"1",""
"1","$ "
"1",""
"1","Longitude       "
"1",""
"1",":"
"1"," num [1:972] "
"1",""
"1","-123 -123 NA -123 -123"
"1",""
"1"," ..."
"1",""
"1","
"
"1","  .."
"1",""
"1","$ "
"1",""
"1","Speed           "
"1",""
"1",":"
"1"," num [1:972] "
"1",""
"1","0 0.3 NA 0.3 0 NA NA NA NA NA"
"1",""
"1"," ..."
"1",""
"1","
"
"1","  .."
"1",""
"1","$ "
"1",""
"1","Searching time  "
"1",""
"1",":"
"1"," num [1:972] "
"1",""
"1","146 282 NA 87 64 NA NA NA NA NA"
"1",""
"1"," ..."
"1",""
"1","
"
"1","  .."
"1",""
"1","$ "
"1",""
"1","Voltage         "
"1",""
"1",":"
"1"," num [1:972] "
"1",""
"1","3.76 3.76 NA 3.75 3.75 NA NA NA NA NA"
"1",""
"1"," ..."
"1",""
"1","
"
"1","  .."
"1",""
"1","$ "
"1",""
"1","Temperature     "
"1",""
"1",":"
"1"," num [1:972] "
"1",""
"1","22 22 NA 22.5 22.5 NA NA NA NA NA"
"1",""
"1"," ..."
"1",""
"1","
"
"1","  .."
"1",""
"1","$ "
"1",""
"1","Altitude        "
"1",""
"1",":"
"1"," logi [1:972] "
"1",""
"1","NA NA NA NA NA NA"
"1",""
"1"," ..."
"1",""
"1","
"
"1","  .."
"1",""
"1","$ "
"1",""
"1","Div up          "
"1",""
"1",":"
"1"," logi [1:972] "
"1",""
"1","NA NA NA NA NA NA"
"1",""
"1"," ..."
"1",""
"1","
"
"1","  .."
"1",""
"1","$ "
"1",""
"1","Div down        "
"1",""
"1",":"
"1"," logi [1:972] "
"1",""
"1","NA NA NA NA NA NA"
"1",""
"1"," ..."
"1",""
"1","
"
"1","  .."
"1",""
"1","$ "
"1",""
"1","No GPS - timeout"
"1",""
"1",":"
"1"," num [1:972] "
"1",""
"1","NA NA 1 NA NA 1 1 1 1 1"
"1",""
"1"," ..."
"1",""
"1","
"
"1","  .."
"1",""
"1","$ "
"1",""
"1","No GPS - diving "
"1",""
"1",":"
"1"," logi [1:972] "
"1",""
"1","NA NA NA NA NA NA"
"1",""
"1"," ..."
"1",""
"1","
"
"1","  .."
"1",""
"1","$ "
"1",""
"1","In range        "
"1",""
"1",":"
"1"," num [1:972] "
"1",""
"1","NA NA NA NA NA NA NA NA NA NA"
"1",""
"1"," ..."
"1",""
"1","
"
"1","  .."
"1",""
"1","$ "
"1",""
"1","Diving duration "
"1",""
"1",":"
"1"," logi [1:972] "
"1",""
"1","NA NA NA NA NA NA"
"1",""
"1"," ..."
"1",""
"1","
"
"1","  .."
"1",""
"1","$ "
"1",""
"1","Raw latitude    "
"1",""
"1",":"
"1"," chr [1:972] "
"1",""
"1","""4911487N"" ""4911565N"" NA ""4911569N"""
"1",""
"1"," ..."
"1",""
"1","
"
"1","  .."
"1",""
"1","$ "
"1",""
"1","Raw Longitude   "
"1",""
"1",":"
"1"," chr [1:972] "
"1",""
"1","""12247866W"" ""12247882W"" NA ""12247891W"""
"1",""
"1"," ..."
"1",""
"1","
"
"1","  .."
"1",""
"1","$ "
"1",""
"1","Decision voltage"
"1",""
"1",":"
"1"," num [1:972] "
"1",""
"1","NA NA NA NA NA NA NA NA NA NA"
"1",""
"1"," ..."
"1",""
"1","
"
"1","  .."
"1",""
"1","$ "
"1",""
"1","Milisecond      "
"1",""
"1",":"
"1"," num [1:972] "
"1",""
"1","0 0 0 0 0 0 0 0 0 0"
"1",""
"1"," ..."
"1",""
"1","
"
"1","  .."
"1",""
"1","$ "
"1",""
"1","Acc_X           "
"1",""
"1",":"
"1"," logi [1:972] "
"1",""
"1","NA NA NA NA NA NA"
"1",""
"1"," ..."
"1",""
"1","
"
"1","  .."
"1",""
"1","$ "
"1",""
"1","Acc_Y           "
"1",""
"1",":"
"1"," logi [1:972] "
"1",""
"1","NA NA NA NA NA NA"
"1",""
"1"," ..."
"1",""
"1","
"
"1","  .."
"1",""
"1","$ "
"1",""
"1","Acc_Z           "
"1",""
"1",":"
"1"," logi [1:972] "
"1",""
"1","NA NA NA NA NA NA"
"1",""
"1"," ..."
"1",""
"1","
"
"1","  .."
"1",""
"1","- attr(*, ""spec"")="
"1","
"
"1",""
"1","  .. .. cols(
  .. ..   `Logger ID` = [31mcol_character()[39m,
  .. ..   Year = [32mcol_double()[39m,
  .. ..   Month = [32mcol_double()[39m,
  .. ..   Day = [32mcol_double()[39m,
  .. ..   Hour = [32mcol_double()[39m,
  .. ..   Minute = [32mcol_double()[39m,
  .. ..   Second = [32mcol_double()[39m,
  .. ..   Latitude = [32mcol_double()[39m,
  .. ..   Longitude = [32mcol_double()[39m,
  .. ..   Speed = [32mcol_double()[39m,
  .. ..   `Searching time` = [32mcol_double()[39m,
  .. ..   Voltage = [32mcol_double()[39m,
  .. ..   Temperature = [32mcol_double()[39m,
  .. ..   Altitude = [33mcol_logical()[39m,
  .. ..   `Div up` = [33mcol_logical()[39m,
  .. ..   `Div down` = [33mcol_logical()[39m,
  .. ..   `No GPS - timeout` = [32mcol_double()[39m,
  .. ..   `No GPS - diving` = [33mcol_logical()[39m,
  .. ..   `In range` = [32mcol_double()[39m,
  .. ..   `Diving duration` = [33mcol_logical()[39m,
  .. ..   `Raw latitude` = [31mcol_character()[39m,
  .. ..   `Raw Longitude` = [31mcol_character()[39m,
  .. ..   `Decision voltage` = [32mcol_double()[39m,
  .. ..   Milisecond = [32mcol_double()[39m,
  .. ..   Acc_X = [33mcol_logical()[39m,
  .. ..   Acc_Y = [33mcol_logical()[39m,
  .. ..   Acc_Z = [33mcol_logical()[39m
  .. .. )"
"1",""
"1","
"
